{
  "resources": [
    "sounds.ogg"
  ],
  "spritemap": {
    "01-free-fall-land": {
      "start": 0,
      "end": 0.2089795918367347,
      "loop": false
    },
    "02-loose-floor-lands": {
      "start": 2,
      "end": 2.6733786848072563,
      "loop": false
    },
    "03-loose-floor-shake-1": {
      "start": 4,
      "end": 4.11609977324263,
      "loop": false
    },
    "04-gate-lowering": {
      "start": 6,
      "end": 6.11609977324263,
      "loop": false
    },
    "05-gate-rising": {
      "start": 8,
      "end": 8.162539682539682,
      "loop": false
    },
    "06-gate-reaches-floor": {
      "start": 10,
      "end": 10.5340589569161,
      "loop": false
    },
    "07-gate-reaches-top": {
      "start": 12,
      "end": 12.069659863945578,
      "loop": false
    },
    "08-bump-soft": {
      "start": 14,
      "end": 14.208979591836735,
      "loop": false
    },
    "09-bump-hard": {
      "start": 16,
      "end": 16.41795918367347,
      "loop": false
    },
    "10-sword-impact": {
      "start": 18,
      "end": 18.441179138321996,
      "loop": false
    },
    "11-stab-air": {
      "start": 20,
      "end": 20.11609977324263,
      "loop": false
    },
    "12-stab-opponent": {
      "start": 22,
      "end": 22.139319727891156,
      "loop": false
    },
    "13-stabbed": {
      "start": 24,
      "end": 24.60371882086168,
      "loop": false
    },
    "14-medium-land": {
      "start": 26,
      "end": 26.41795918367347,
      "loop": false
    },
    "15-soft-land": {
      "start": 28,
      "end": 28.30185941043084,
      "loop": false
    },
    "16-unsheathe-sword": {
      "start": 30,
      "end": 30.41795918367347,
      "loop": false
    },
    "17-loose-floor-shake-3": {
      "start": 32,
      "end": 32.16253968253968,
      "loop": false
    },
    "18-loose-floor-shake-2": {
      "start": 34,
      "end": 34.092879818594106,
      "loop": false
    },
    "19-button-push": {
      "start": 36,
      "end": 36.11609977324263,
      "loop": false
    },
    "20-footstep": {
      "start": 38,
      "end": 38.11609977324263,
      "loop": false
    },
    "21-skeleton-raises": {
      "start": 40,
      "end": 40.39473922902494,
      "loop": false
    },
    "22-mirror": {
      "start": 42,
      "end": 42.301859410430836,
      "loop": false
    },
    "23-chopped": {
      "start": 44,
      "end": 44.39473922902494,
      "loop": false
    },
    "24-chopper-impact": {
      "start": 46,
      "end": 46.464399092970524,
      "loop": false
    },
    "25-hard-land": {
      "start": 48,
      "end": 48.464399092970524,
      "loop": false
    },
    "26-spikes": {
      "start": 50,
      "end": 50.37151927437642,
      "loop": false
    },
    "27-door-squeak": {
      "start": 52,
      "end": 52.47201814058957,
      "loop": false
    },
    "28-kid-falling": {
      "start": 54,
      "end": 55.346757369614515,
      "loop": false
    },
    "29-entrance-door-closes": {
      "start": 57,
      "end": 57.92879818594104,
      "loop": false
    },
    "30-exit-door-opens": {
      "start": 59,
      "end": 60.056009070294785,
      "loop": false
    },
    "31-drink-potion": {
      "start": 62,
      "end": 62.789478458049885,
      "loop": false
    }
  }
}